"treatment","size_mb","import_path"
"reference-only","0,3","BZH_DONE\bzhpw_lore\GARTIC_MONSTER\571456322685125.mp4"
"reference-only","1,89","BZH_DONE\bzhpw_lore\GARTIC_MONSTER\NEOKARCERIS\297323730114355209.mp4"
"reference-only","2,11","BZH_DONE\bzhpw_lore\GARTIC_MONSTER\NEOKARCERIS\Gen-3 Alpha Turbo 238690093, a mysterious metalli, Cropped - 9ea39c9a80.mp4"
"reference-only","2,06","BZH_DONE\bzhpw_lore\GARTIC_MONSTER\NEOKARCERIS\noekarceris_live.mp4"
"reference-only","0,88","BZH_RESS\bzhpwimage\587271695877509.mp4"
"reference-only","6,57","BZH_RESS\bzhpwimage\bzh_pw_artwork\bzh_pw_wallpaper_aligax\1ab16a9d-ac6b-490b-a9ce-ae0b1671e026.mp4"
"reference-only","6,59","BZH_RESS\bzhpwimage\bzh_pw_artwork\bzh_pw_wallpaper_aligax\3790456e-2658-4a97-b89f-3c2d8fefef7d.mp4"
"reference-only","7,13","BZH_RESS\bzhpwimage\bzh_pw_artwork\bzh_pw_wallpaper_aligax\765501a3-6e05-488e-87f1-d360aaefabe8.mp4"
"reference-only","10,86","BZH_RESS\bzhpwimage\df17048e-38b9-41c0-a655-d9fc57401972.mp4"
"reference-only","2,05","BZH_RESS\chibi bzh power decembre 2024\1734230401410250861-video_watermark_7f5b8ab73a4e356f7aa89c3991510cce_324530501704695812.mp4"
"reference-only","0,91","BZH_RESS\chibi bzh power decembre 2024\1734237663938646837-video_watermark_3a1649410eb2c2d04e53736c6de5cf64_324549621791821832.mp4"
"reference-only","0,82","BZH_RESS\chibi bzh power decembre 2024\1734240752415574272-video_watermark_fe054b25229a57d1e13efd6f69905e8a_324549621791821831.mp4"
"reference-only","0,54","BZH_RESS\chibi bzh power decembre 2024\1734350015679225377-video_watermark_173713e6b4324c85417f53dbf4df9b3a_325029711474569224.mp4"
"reference-only","0,55","BZH_RESS\chibi bzh power decembre 2024\1734351510952726386-video_watermark_08692f00b2eed30fc58fe74055fa904d_325029711474569223.mp4"
"reference-only","0,2","BZH_RESS\chibi bzh power decembre 2024\1734358275608191631-video_watermark_6cf2524849ea620c105e44f240d5dc6b_325034474903711750.mp4"
"reference-only","0,4","BZH_RESS\chibi bzh power decembre 2024\1734368158632235509-video_watermark_ac94b9b05b3fcfe3b83d39ccdee87d03_325077293039104010.mp4"
"reference-only","0,77","BZH_RESS\chibi bzh power decembre 2024\1734386702864856987-video_watermark_c2dbcbfab70c00fd0c454c688627a88a_325184794598313986.mp4"
"reference-only","0,35","BZH_RESS\chibi bzh power decembre 2024\1734392829792848531-video_watermark_4215b20b8812e77083ddf76f80efcda6_325207419852693511.mp4"
"reference-only","1,54","BZH_RESS\chibi bzh power decembre 2024\Standard_Mode_The_three_chibi_characters_start.mp4"
"reference-only","1,54","BZH_RESS\Montage\1727600598267596668-video_watermark_3f01e1fcdce4d800314cbc3cc145a369_296722529764511747.mp4"
"reference-only","3,19","BZH_RESS\Montage\1727754365168763818-video_watermark_6d9eb57e1e333b34bb24cca98d1ac606_297367544224985090.mp4"
"reference-only","3,69","BZH_RESS\Montage\7a9a162e-f10e-4264-90b0-d72d7a582195.mp4"
"reference-only","122,88","BZH_RESS\Montage\BZH ANTHEM 2.mp4"
"reference-only","11,19","BZH_RESS\Montage\bzh_chr_animated_cover\Gen-2 1076987936, cam_H -009999999999999992, cam_V 10, cam_Z 92, cam_YW -01, cam_P 02.mp4"
"reference-only","9,57","BZH_RESS\Montage\bzh_chr_animated_cover\Gen-2 12s, 1988162967, cam_H -009999999999999992, cam_V 10, cam_Z 92, cam_YW -01, cam_P 02.mp4"
"reference-only","8,57","BZH_RESS\Montage\bzh_chr_animated_cover\Gen-2 12s, 2371348947, cam_H 06, cam_V 10, cam_Z 10, cam_YW 06, cam_P 10.mp4"
"reference-only","9,85","BZH_RESS\Montage\bzh_chr_animated_cover\Gen-2 16s, 2369019215, cam_V 10, cam_R 21, cam_Z -10, cam_YW 38, cam_P 74.mp4"
"reference-only","8,48","BZH_RESS\Montage\bzh_chr_animated_cover\Gen-2 16s, 3485331540, cam_H -01, cam_V 10, cam_Z -10, cam_P 85.mp4"
"reference-only","4,07","BZH_RESS\Montage\bzh_chr_animated_cover\Gen-2 708591074, 558578375993733jpg, M 10.mp4"
"reference-only","1,83","BZH_RESS\Montage\bzh_chr_MUTEN_videos\Gen-2 219690945, a distinguished-look, 558708897204805jpg, brush_A 42.mp4"
"reference-only","7,97","BZH_RESS\Montage\bzh_chr_suno_videos\2024-06-26_12_41_48.mp4"
"reference-only","3,3","BZH_RESS\Montage\bzh_chr_suno_videos\BZH ANTHEM.mp4"
"reference-only","0,97","BZH_RESS\Montage\bzh_dancers\01-10\044e7fa6-1b2e-44b7-97c4-e988d138a6ce.mp4"
"reference-only","1,67","BZH_RESS\Montage\bzh_dancers\01-10\1e7eec6d-7d4f-4062-b740-fbf31327b90c.mp4"
"reference-only","0,84","BZH_RESS\Montage\bzh_dancers\01-10\6ba13255-d10e-44dc-8094-8c921ba205a2.mp4"
"reference-only","1,37","BZH_RESS\Montage\bzh_dancers\01-10\6dd694e4-e759-4732-a9f2-83df31f534e9.mp4"
"reference-only","1,04","BZH_RESS\Montage\bzh_dancers\01-10\78a20683-49f2-40d4-8090-8db6b37e21c0.mp4"
"reference-only","2,08","BZH_RESS\Montage\bzh_dancers\01-10\7d2436fb-fbfd-41c5-ad92-b34352f73ec1.mp4"
"reference-only","0,74","BZH_RESS\Montage\bzh_dancers\01-10\a72d127e-4f67-4264-8271-2e583cd161dd.mp4"
"reference-only","2,15","BZH_RESS\Montage\bzh_dancers\01-10\a8a291ca-7d14-45c3-98d6-036d28f98cc2.mp4"
"reference-only","0,81","BZH_RESS\Montage\bzh_dancers\01-10\d5f79d3a-4023-4638-bdbb-aa1013971c33.mp4"
"reference-only","6,92","BZH_RESS\Montage\bzh_dancers\1a4c96cf-a3b0-48b9-8f40-205e134635b3.mp4"
"reference-only","10,79","BZH_RESS\Montage\bzh_dancers\30-09\093cd202-6def-4ac5-9d2b-296c7bbf7811.mp4"
"reference-only","5,49","BZH_RESS\Montage\bzh_dancers\30-09\25a41bf2-fa34-47f2-8fae-c771d1df8421.mp4"
"reference-only","4,23","BZH_RESS\Montage\bzh_dancers\30-09\2985af1e-6bab-46c7-ac39-895b5a47f89e.mp4"
"reference-only","2,55","BZH_RESS\Montage\bzh_dancers\30-09\495b6bed-5968-4242-a509-07efb1f2d9bf.mp4"
"reference-only","3,74","BZH_RESS\Montage\bzh_dancers\30-09\6ec5c3fe-3744-414a-886d-6db1293cd84c.mp4"
"reference-only","4,19","BZH_RESS\Montage\bzh_dancers\30-09\7b5863c5-e354-40ca-b90a-57ea1d719b96.mp4"
"reference-only","4,18","BZH_RESS\Montage\bzh_dancers\30-09\a6fcd75e-6e29-4eea-9e91-ff4e123cbab9.mp4"
"reference-only","10,84","BZH_RESS\Montage\bzh_dancers\30-09\a98fd99c-83f9-4605-bd35-a6984b3a0a96.mp4"
"reference-only","10,8","BZH_RESS\Montage\bzh_dancers\30-09\cae8a49a-7efb-46e6-bbf1-a3adb9adfd69.mp4"
"reference-only","6,88","BZH_RESS\Montage\bzh_dancers\30-09\cfa28935-94ff-433c-acaa-8c5a3282f2a5.mp4"
"reference-only","2,81","BZH_RESS\Montage\bzh_dancers\30-09\dabe0097-d475-4c0a-85ae-5842819c724d.mp4"
"reference-only","4,32","BZH_RESS\Montage\bzh_dancers\30-09\e4510c47-497a-45b3-b2b0-ae78490d3c09.mp4"
"reference-only","4,23","BZH_RESS\Montage\bzh_dancers\30-09\e81ac905-69b2-4250-a659-208731b84800.mp4"
"reference-only","4,2","BZH_RESS\Montage\bzh_dancers\30-09\edc46636-1a79-41ae-ab49-bc8b02fd0bef.mp4"
"reference-only","5,49","BZH_RESS\Montage\bzh_dancers\30-09\edd9f734-9fc7-4d2c-b19f-a97c6893a7e8.mp4"
"reference-only","5,48","BZH_RESS\Montage\bzh_dancers\30-09\f96465af-69da-468f-8ed7-f17a76a487dc.mp4"
"reference-only","7,22","BZH_RESS\Montage\bzh_dancers\3ade79a7-74c5-4218-a485-958757293391.mp4"
"reference-only","4,23","BZH_RESS\Montage\bzh_dancers\old_viggles_edit\old_bowser_singer\bf788223-6cd1-48fe-8070-31cf2b5c90da.mp4"
"reference-only","5,48","BZH_RESS\Montage\bzh_dancers\old_viggles_edit\old_trio_and_duet_videos\029fd4c4-1f54-4d86-a881-4d0e151888d5.mp4"
"reference-only","6,12","BZH_RESS\Montage\bzh_dancers\old_viggles_edit\old_trio_and_duet_videos\093bfae9-d09b-4139-a593-248b283b4ebb.mp4"
"reference-only","4,37","BZH_RESS\Montage\bzh_dancers\old_viggles_edit\old_trio_and_duet_videos\2c1a6f44-81c7-4cd3-8c63-84ec74e3b3f8.mp4"
"reference-only","3,9","BZH_RESS\Montage\bzh_dancers\old_viggles_edit\old_trio_and_duet_videos\2d40d64b-49e5-431f-8720-b718dbf04775.mp4"
"reference-only","10,82","BZH_RESS\Montage\bzh_dancers\old_viggles_edit\old_trio_and_duet_videos\4cacf34c-4f7f-4c6e-986e-ec018c3671bc.mp4"
"reference-only","4,39","BZH_RESS\Montage\bzh_dancers\old_viggles_edit\old_trio_and_duet_videos\593a5d9d-2c19-4a31-b7bd-79fc2553a5e2.mp4"
"reference-only","6,13","BZH_RESS\Montage\bzh_dancers\old_viggles_edit\old_trio_and_duet_videos\66ba0a13-2378-4a6c-a9d9-1f4fb476a61c.mp4"
"reference-only","4,34","BZH_RESS\Montage\bzh_dancers\old_viggles_edit\old_trio_and_duet_videos\691e1b42-e1e2-4aeb-9596-2c38c23ed8a7.mp4"
"reference-only","3,92","BZH_RESS\Montage\bzh_dancers\old_viggles_edit\old_trio_and_duet_videos\6cf91072-be72-4462-813e-5d89012740cf.mp4"
"reference-only","4,19","BZH_RESS\Montage\bzh_dancers\old_viggles_edit\old_trio_and_duet_videos\7ab8e4d7-205f-4a2f-a585-43d06f0557b8.mp4"
"reference-only","5,49","BZH_RESS\Montage\bzh_dancers\old_viggles_edit\old_trio_and_duet_videos\97e47b0f-411c-47f0-9052-aee0414b8b5a.mp4"
"reference-only","6,37","BZH_RESS\Montage\bzh_dancers\old_viggles_edit\old_trio_and_duet_videos\e2505a45-230d-4f32-9fb6-f59119ad30b5.mp4"
"reference-only","2,24","BZH_RESS\Montage\bzh_dancers\old_viggles_edit\old_waluigi_singer\1ac5f0c8-322a-4caf-b71a-d9d48ac27a4e.mp4"
"reference-only","3,06","BZH_RESS\Montage\bzh_dancers\singer_bowser\88e8d3ea-c58f-4fa2-a607-94fcfe80c4be.mp4"
"reference-only","4,38","BZH_RESS\Montage\bzh_dancers\singer_lethal\139d3b7c-f931-4997-985b-5bf5fb649044.mp4"
"reference-only","4,25","BZH_RESS\Montage\bzh_dancers\singer_lethal\74e547b2-ec73-4180-8466-f02e04e6bf63.mp4"
"reference-only","3,06","BZH_RESS\Montage\bzh_dancers\singer_waluigi\8fce71a0-e377-42fc-9b8b-b0568358e5f6.mp4"
"reference-only","7,32","BZH_RESS\Montage\bzh_dancers\singer_waluigi\936973e1-fbd1-4aeb-8d76-72c3bc73c692.mp4"
"reference-only","8,47","BZH_RESS\Montage\bzh_dancers\singer_waluigi\bdc2f432-8493-44b3-aab9-e286b0b6179f.mp4"
"reference-only","5,9","BZH_RESS\Montage\bzh_dancers\singer_wario\53ea6f9b-18d9-43eb-99f8-ea8faf8732a5.mp4"
"reference-only","2,52","BZH_RESS\Montage\bzh_dancers\singer_wario\wario_hader\0e60ef89-6982-4056-96ac-a4d3fe20dd3c.mp4"
"reference-only","7,09","BZH_RESS\Montage\bzh_dancers\singer_wario\wario_hader\416f3931-4bb1-4133-ac9d-937bb8db8f22 (1).mp4"
"reference-only","7,09","BZH_RESS\Montage\bzh_dancers\singer_wario\wario_hader\416f3931-4bb1-4133-ac9d-937bb8db8f22.mp4"
"reference-only","7,14","BZH_RESS\Montage\bzh_dancers\singer_wario\wario_hader\57ebbac6-9831-49ad-8643-96afebb37d87.mp4"
"reference-only","5,48","BZH_RESS\Montage\bzh_dancers\singer_wario\wario_trio_videos\7f34ed1f-fdd0-4d0f-a337-dd6c06055a0a.mp4"
"reference-only","10,8","BZH_RESS\Montage\bzh_dancers\singer_wario\wario_trio_videos\930281da-e19e-4d5a-b941-4a588cd52e33.mp4"
"reference-only","5,78","BZH_RESS\Montage\bzh_dancers\singer_wario\wario_viggle\03ece4ff-9a16-480b-977f-7c634a8112ac.mp4"
"reference-only","4","BZH_RESS\Montage\bzh_dancers\singer_wario\wario_viggle\117aa437-2e75-4898-a608-0e44a47df595.mp4"
"reference-only","6,2","BZH_RESS\Montage\bzh_dancers\singer_wario\wario_viggle\19d5092d-4e16-4b70-b5ff-96a2fbc88ba9.mp4"
"reference-only","10,79","BZH_RESS\Montage\bzh_dancers\singer_wario\wario_viggle\2696f771-a46e-49d7-9596-56081ad24eef.mp4"
"reference-only","4,89","BZH_RESS\Montage\bzh_dancers\singer_wario\wario_viggle\27c2d7e6-ca28-4c38-a9db-9df870a09955.mp4"
"reference-only","7,24","BZH_RESS\Montage\bzh_dancers\singer_wario\wario_viggle\29e13465-6be5-468f-88b8-7fbd3ff5a4a3.mp4"
"reference-only","3,2","BZH_RESS\Montage\bzh_dancers\singer_wario\wario_viggle\2ac7317f-2a4a-4e09-88c0-a9c53925f016.mp4"
"reference-only","1,77","BZH_RESS\Montage\bzh_dancers\singer_wario\wario_viggle\2d1469f6-f581-453a-9d73-f6233376062f.mp4"
"reference-only","4,23","BZH_RESS\Montage\bzh_dancers\singer_wario\wario_viggle\2d59c8bb-f4cd-4985-b9d7-63afd58d1ddd.mp4"
"reference-only","4,36","BZH_RESS\Montage\bzh_dancers\singer_wario\wario_viggle\3a235c00-862c-4e55-8aa7-90a1ec45ec50.mp4"
"reference-only","4,97","BZH_RESS\Montage\bzh_dancers\singer_wario\wario_viggle\3b3168c0-cabf-44cf-83b8-dc7ab9b75a35.mp4"
"reference-only","2,15","BZH_RESS\Montage\bzh_dancers\singer_wario\wario_viggle\3e704fe4-e714-49cc-b5f6-792651c6a2a3.mp4"
"reference-only","3,9","BZH_RESS\Montage\bzh_dancers\singer_wario\wario_viggle\40ff1df1-0bc1-4580-b7e3-9d2e3f9d3616.mp4"
"reference-only","9,49","BZH_RESS\Montage\bzh_dancers\singer_wario\wario_viggle\4ae8c117-1e4f-4ec5-a058-3c30ce01078b.mp4"
"reference-only","2,1","BZH_RESS\Montage\bzh_dancers\singer_wario\wario_viggle\517d3022-8c61-4de5-83ff-dedbeacbade2.mp4"
"reference-only","7,32","BZH_RESS\Montage\bzh_dancers\singer_wario\wario_viggle\53d8f4a9-de72-40f1-8e0e-fba09153ea67.mp4"
"reference-only","5,9","BZH_RESS\Montage\bzh_dancers\singer_wario\wario_viggle\53ea6f9b-18d9-43eb-99f8-ea8faf8732a5.mp4"
"reference-only","7,31","BZH_RESS\Montage\bzh_dancers\singer_wario\wario_viggle\64c9cefa-c5ce-4bb6-bdec-06324ba1ce7f.mp4"
"reference-only","3,86","BZH_RESS\Montage\bzh_dancers\singer_wario\wario_viggle\6630f851-f36e-4ea2-86e6-af491f78f83c.mp4"
"reference-only","16,99","BZH_RESS\Montage\bzh_dancers\singer_wario\wario_viggle\66581fad-4542-4071-a5df-147ce0ee5a50.mp4"
"reference-only","1,48","BZH_RESS\Montage\bzh_dancers\singer_wario\wario_viggle\6be4df90-37c9-4fc3-97fa-56dd37423e9b.mp4"
"reference-only","5,58","BZH_RESS\Montage\bzh_dancers\singer_wario\wario_viggle\75ad1f07-2218-4816-8553-ba64a26817fb.mp4"
"reference-only","4,2","BZH_RESS\Montage\bzh_dancers\singer_wario\wario_viggle\7828c306-68eb-4f5c-9df4-45b6ae2d4e40.mp4"
"reference-only","8,07","BZH_RESS\Montage\bzh_dancers\singer_wario\wario_viggle\7ac5823c-c1fe-4ba8-bb05-61c7ee410f8f (1).mp4"
"reference-only","8,07","BZH_RESS\Montage\bzh_dancers\singer_wario\wario_viggle\7ac5823c-c1fe-4ba8-bb05-61c7ee410f8f.mp4"
"reference-only","4,21","BZH_RESS\Montage\bzh_dancers\singer_wario\wario_viggle\7dec3403-dda6-459e-aa0f-1c44023dff33.mp4"
"reference-only","4,29","BZH_RESS\Montage\bzh_dancers\singer_wario\wario_viggle\86d5aa30-6cda-49a9-9bab-51a80cc11c51.mp4"
"reference-only","2,23","BZH_RESS\Montage\bzh_dancers\singer_wario\wario_viggle\9f05e1e8-56bd-430a-a9b8-50dd2c232dc4.mp4"
"reference-only","4,21","BZH_RESS\Montage\bzh_dancers\singer_wario\wario_viggle\a4917a42-1f57-4d9c-b6e8-fc105fef1729.mp4"
"reference-only","7,68","BZH_RESS\Montage\bzh_dancers\singer_wario\wario_viggle\b447e023-62d0-4323-9314-99324626a8fc.mp4"
"reference-only","7,31","BZH_RESS\Montage\bzh_dancers\singer_wario\wario_viggle\b4e6753d-c32d-4142-8b49-254da28e4424.mp4"
"reference-only","4,25","BZH_RESS\Montage\bzh_dancers\singer_wario\wario_viggle\d04dd94b-073a-4057-b321-2a8e95c1d27a.mp4"
"reference-only","0,73","BZH_RESS\Montage\bzh_dancers\singer_wario\wario_viggle\d323e8e6-1cde-41a6-a51f-ead0d6013074 (1).mp4"
"reference-only","0,73","BZH_RESS\Montage\bzh_dancers\singer_wario\wario_viggle\d323e8e6-1cde-41a6-a51f-ead0d6013074.mp4"
"reference-only","2,24","BZH_RESS\Montage\bzh_dancers\singer_wario\wario_viggle\da17e9ef-f41d-4a14-82ef-139892c24555.mp4"
"reference-only","4,23","BZH_RESS\Montage\bzh_dancers\singer_wario\wario_viggle\da732db7-ab6b-4a9b-a0ed-32ee4ae00291.mp4"
"reference-only","6,56","BZH_RESS\Montage\bzh_dancers\singer_wario\wario_viggle\da773ff4-02ac-4476-801d-149b0e57441c.mp4"
"reference-only","7,48","BZH_RESS\Montage\bzh_dancers\singer_wario\wario_viggle\e4e55e26-13dd-4f31-a7db-7911cfe66401.mp4"
"reference-only","7,66","BZH_RESS\Montage\bzh_dancers\singer_wario\wario_viggle\f2b1fb08-e069-404e-85c2-f4159d837eff.mp4"
"reference-only","5,24","BZH_RESS\Montage\bzh_dancers\singer_wario\wario_viggle\f68da536-72e7-4fab-9402-cc73789d0c8e.mp4"
"reference-only","3,34","BZH_RESS\Montage\bzh_dancers\singer_wario\wario_viggle\video (1).mp4"
"reference-only","2,8","BZH_RESS\Montage\bzh_dancers\singer_wario\wario_viggle\video (2).mp4"
"reference-only","7,76","BZH_RESS\Montage\bzh_dancers\singer_wario\wario_viggle\video (3).mp4"
"reference-only","7,79","BZH_RESS\Montage\bzh_dancers\singer_wario\wario_viggle\video (4).mp4"
"reference-only","1,29","BZH_RESS\Montage\bzh_dancers\singer_wario\wario_viggle\video (5).mp4"
"reference-only","3,27","BZH_RESS\Montage\bzh_dancers\singer_wario\wario_viggle\video.mp4"
"reference-only","7,47","BZH_RESS\Montage\bzh_dancers\singer_wario\wario_viggle\wario_vs_code.mp4"
"reference-only","4,23","BZH_RESS\Montage\bzh_dancers\videos_wario_ft_bowser\c3a11b90-c0b9-4df0-9fc2-c391d296bdf6.mp4"
"reference-only","5,49","BZH_RESS\Montage\bzh_dancers\videos_wario_ft_waluigi\14540483-1417-47ee-be8e-6eaf9935ec3b.mp4"
"reference-only","6,14","BZH_RESS\Montage\bzh_dancers\videos_wario_ft_waluigi\56dda5fe-b8e0-4688-9a0e-d2a2fa834b38.mp4"
"reference-only","4,24","BZH_RESS\Montage\bzh_dancers\videos_wario_ft_waluigi\a5e34039-0fa1-4ec2-8c65-f7adefde38dc.mp4"
"reference-only","4,99","BZH_RESS\Montage\bzh_dancers\videos_wario_ft_waluigi\fb090721-4671-4bf7-bfbe-34b55eff5396.mp4"
"reference-only","1,88","BZH_RESS\Montage\bzh_trio_footage\the opening of an anime. Three gamers fight through universe of pixels. MutenRock is the leader even if he is smaller than is sidekick Sniky. A myster (1715946696706).mp4"
"reference-only","2,34","BZH_RESS\Montage\bzh_trio_footage\the opening of an anime. Three gamers fight through universe of pixels. MutenRock is the leader even if he is smaller than is sidekick Sniky. A myster (1715947713475).mp4"
"reference-only","2,15","BZH_RESS\Montage\bzh_trio_footage\the opening of an anime. Three gamers fight through universe of pixels. The silhouettes explodes in colored pixel shapes, the camera zooms in. Every l (1715962063235).mp4"
"reference-only","2,08","BZH_RESS\Montage\bzh_trio_footage\the opening of an anime. Three gamers fight through universe of pixels. The silhouettes explodes in colored pixel shapes, the camera zooms in. Every l (1715969804429).mp4"
"reference-only","2,05","BZH_RESS\Montage\bzh_trio_footage\the opening of an anime. Three gamers fight through universe of pixels. The silhouettes explodes in colored pixel shapes, the camera zooms in. Every l (1715969824879).mp4"
"reference-only","2,09","BZH_RESS\Montage\bzh_trio_footage\the opening of an anime. Three gamers fight through universe of pixels. The silhouettes explodes in colored pixel shapes, the camera zooms in. Every l (1715969835864).mp4"
"reference-only","2,09","BZH_RESS\Montage\bzh_trio_footage\the opening of an anime. Three gamers fight through universe of pixels. The silhouettes explodes in colored pixel shapes, the camera zooms in. Every l (1715998892625).mp4"
"reference-only","6,8","BZH_RESS\Montage\Gen-2 16s, 1736190232, M 10.mp4"
"reference-only","10,66","BZH_RESS\Montage\Gen-3 Alpha 346014025, The three chibi char, chibi_lolpng, M 5.mp4"
"reference-only","16,31","BZH_RESS\Montage\Gen-3 Alpha 445784609, the letters 'BZH' in, DALL·E 2024-09-04 14.mp4"
"reference-only","4,83","BZH_RESS\Montage\Gen-3 Alpha 691295229, The three chibi char, chibi_lolpng, M 5.mp4"
"reference-only","9,06","BZH_RESS\Montage\Gen-3 Alpha Turbo 101407341, a grand pirate ship , DALL·E 2024-08-30 14.mp4"
"reference-only","4,44","BZH_RESS\Montage\Gen-3 Alpha Turbo 1983545002, The three chibi char, chibi_lolpng, M 5.mp4"
"reference-only","14,02","BZH_RESS\Montage\Gen-3 Alpha Turbo 205485275, a grand pirate ship , DALL·E 2024-08-30 13.mp4"
"reference-only","10,64","BZH_RESS\Montage\Gen-3 Alpha Turbo 3596731812, a grand pirate ship , DALL·E 2024-08-30 14.mp4"
"reference-only","9,98","BZH_RESS\Montage\Gen-3 Alpha Turbo 934747970, Animate a fantasy sc, DALL·E 2024-05-22 18.mp4"
"reference-only","43,58","BZH_RESS\Montage\Specterr_720p_BZH SUMMER (big banger vers).mp4"
"reference-only","5,24","BZH_RESS\Son\Les Ombres et la Lumière (1).mp4"
"reference-only","4,44","BZH_RESS\Son\Les ombres et la lumière.mp4"
"reference-only","5,03","BZH_RESS\Son\MutenRock v2.mp4"
"reference-only","0,4","BZH_RESS\tmp1uphl2jq.mp4"
"reference-only","7,13","BZH_RESS\wallpaper\732cc349-54b2-4a49-92f4-01cded1f0342.mp4"
