"source_path","sha256","matched_path","size_bytes"
"imports/2026-07-06-desktop-bzh/BZH_CHRONICLES/936e4d421d5b4ac2abd2fa5408c0729c.png","C609566EAA794C7C41DC566D533DD4A3E9544A275C233F730B125A45569DCE5F","media/visual/references/import-wave2_unidentified-sticker_v01.png","414728"
"imports/2026-07-06-desktop-bzh/BZH_CHRONICLES/a_man_cosplayed_in_waluigi-7d5d17bc-94fc-4b9d-996e-f7e585c6bef4.webp","15290BADB107CD131206411E1CC4B0CF3B2E23AA6D2311936469FC37F9170281","media/visual/references/waluigi-cosplay_reference_v01.webp","34636"
"imports/2026-07-06-desktop-bzh/BZH_CHRONICLES/a_pirate_ship_sailling_a_dangerous_seas__the_boat_is_named__bzh_power___le_drapeau_est_vert-de4c3e8c-f5cd-4868-9cad-ef96fce79292.webp","C1CA196F5BB720427953318BC32017BB5A6E0514B79BA2DB961F8EFC60BA6F72","media/visual/wallpapers/bzhpower_pirate-ship_ocean_v01.webp","71962"
"imports/2026-07-06-desktop-bzh/BZH_CHRONICLES/ART/background_game.png","D8A45A407327FB52510BAD9EC020AA90ADCACD189013C2D1CD06B7CFB9BA5A85","media/visual/wallpapers/bzhchronicles_synthwave-city_background_v01.png","2665269"
"imports/2026-07-06-desktop-bzh/BZH_CHRONICLES/ART/ChatGPT Image 4 avr. 2025, 03_49_50.png","BB5DF9B802B6C0DFB2E24947C890E66382292B51F8CC22B3C83581E14F6E25FB","media/visual/covers/bzhchronicles_cd-mockup_v01.png","2430406"
"imports/2026-07-06-desktop-bzh/BZH_CHRONICLES/ART/ChatGPT Image 4 avr. 2025, 17_05_36.png","14112621CACF730FDF0E40B27B78269E25725019CBAE2556B29921619B41E2DB","media/visual/covers/bzhchronicles_poster_new-hero_v01.png","3396752"
"imports/2026-07-06-desktop-bzh/BZH_CHRONICLES/ART/ChatGPT Image 4 avr. 2025, 17_07_42.png","3498129EFB4D3A33D8FD2894F2D234A86516D9B285F2BDCF40808A0CCAF2F82D","media/visual/covers/bzhchronicles_poster_sunset-city_v01.png","2967869"
"imports/2026-07-06-desktop-bzh/BZH_CHRONICLES/ART/ChatGPT Image 4 avr. 2025, 17_10_07.png","E36BE86A4E4A585589091321042EDF5111DAFEE56BF64DCA958F36C7DE2859A3","media/visual/covers/bzhchronicles_poster_new-hero_v02.png","3477677"
"imports/2026-07-06-desktop-bzh/BZH_CHRONICLES/ART/ChatGPT Image 7 avr. 2025, 00_43_01.png","E907AB66B93E75FCC65F2813F053D49D3E67D2A96CBE1250E2190E20F013F8EB","media/visual/wallpapers/bzhpower_spaceship_blue_v01.png","1290831"
"imports/2026-07-06-desktop-bzh/BZH_CHRONICLES/ART/ChatGPT Image 7 avr. 2025, 19_50_17.png","8E148E8A6A42009CAC56E766611652267D306F1E5556F7AEAB7402D39646F2B4","media/visual/covers/bzhchronicles_mecha_bzh_v01.png","3815349"
"imports/2026-07-06-desktop-bzh/BZH_CHRONICLES/ART/ChatGPT Image 7 avr. 2025, 23_59_49.png","75FDA169EFD8CBC57D5400FE0B4E79878ED427A114D6201DC88DC414A878E97B","media/visual/references/bzhchronicles_dark-creature_reference_v01.png","1988325"
"imports/2026-07-06-desktop-bzh/BZH_CHRONICLES/ART/ChatGPT Image 8 avr. 2025, 00_00_51.png","E8ECFB71A8E00D087E647ECA04E8FA37B8AE0F69BCB1E1394CA2D2375BA49420","media/visual/wallpapers/bzhchronicles_team_portal_v01.png","3267631"
"imports/2026-07-06-desktop-bzh/BZH_CHRONICLES/ART/DALL·E 2025-04-04 05.31.22 - A manga-style illustration of MutenRock, the strategic mastermind of the BZH Power team. He stands confidently with elements of science and strategy a.webp","8D1372BC0DF58603BAB757F276A41C4384C56135B784683BDB410989EDD2297F","assets/characters/mutenrock/mutenrock_manga_science_v01.webp","435814"
"imports/2026-07-06-desktop-bzh/BZH_CHRONICLES/ART/DALL·E 2025-04-04 05.31.25 - A manga-style illustration of Sniky, a stealthy assassin of the BZH Power team. He is shown partially in the shadows with a swift, sleek figure, weari.webp","75EB8200D349262478BE7F66DBD6B19F2BFAFF84614DFC2ABC603871C7E40D44","assets/characters/sniky/sniky_manga_shadow_v01.webp","443006"
"imports/2026-07-06-desktop-bzh/BZH_CHRONICLES/ART/DALL·E 2025-04-04 05.31.26 - A manga-style illustration of Aligax, a fierce female warrior of the BZH Power team. She is depicted in the midst of battle, holding a glowing artifac.webp","A9C4EC04EAD7CCCD8F8F67E114E297A67C7748212CD5581CFF3DD765C61FE08A","assets/characters/aligax/aligax_manga_artifact_v01.webp","487260"
"imports/2026-07-06-desktop-bzh/BZH_CHRONICLES/ART/DALL·E 2025-04-04 05.31.28 - A manga-style illustration of Spirit, a tactical player of the BZH Power team. He is shown advancing silently with a mix of calm and rage, accompanied.webp","AAB949850182E58285A9D32849A87785B4EED9854F81ED550875DAFBFEEABCF4","assets/characters/spirit/spirit_manga_hound_v01.webp","439296"
"imports/2026-07-06-desktop-bzh/BZH_CHRONICLES/ART/DALL·E 2025-04-04 05.31.41 - A CD with a cyberpunk theme, matching the album 'BZH Chronicles'. The CD features a dynamic digital landscape with pixelated terrain, digital grids, a.webp","B50F3479671BA1878A70D7E4A3F4027A1460BDC89B06CCB2F6E7C1BB1404139D","media/visual/covers/bzhchronicles_cd-artwork_grid_v01.webp","482188"
"imports/2026-07-06-desktop-bzh/BZH_CHRONICLES/ART/DALL·E 2025-04-04 05.32.00 - A wide-format visual organizational chart (logigram) representing the BZH Power group, designed in a cyberpunk aesthetic. Each character is represente.webp","AA2F9780EA00D7954BBAFAE6B7DE8847FEEFDA7B56BD1A2DD97DA9BDA06BBF5E","media/visual/references/bzhpower_org-chart_cyberpunk_v01.webp","696480"
"imports/2026-07-06-desktop-bzh/BZH_CHRONICLES/ART/DALL·E 2025-04-04 05.32.03 - A visual organizational chart (logigram) representing the BZH Power group, drawn in a clear, structured diagram format. Each character is represented_.webp","266034CC64518203AAE698C35C7B45792F455B6BEED928E3569EB37070DAB1FA","media/visual/references/bzhpower_org-chart_stickman_v01.webp","352768"
"imports/2026-07-06-desktop-bzh/BZH_CHRONICLES/ART/DALL·E 2025-04-04 05.33.07 - A neo-traditional black line art style stickman illustration of Aligax, a cybernetic female warrior of the BZH Power group, in the team's HQ. Aligax s.webp","1B91A87A883C24A8D83C8219CE9C68FF33FCC55ED0778432C14DF4FE941F0232","assets/characters/aligax/aligax_neotrad_lineart_v01.webp","411980"
"imports/2026-07-06-desktop-bzh/BZH_CHRONICLES/ART/DALL·E 2025-04-04 05.33.11 - A neo-traditional punk style stickman illustration inspired by old Japanese woodblock prints, featuring Sniky, the stealthy assassin of the BZH Power .webp","01AA812B6F71969D9E2E772840D2BF5049959CA8D6A081DB210594190AC55B39","assets/characters/sniky/sniky_neotrad_woodblock_v01.webp","406544"
"imports/2026-07-06-desktop-bzh/BZH_CHRONICLES/ART/DALL·E 2025-04-04 05.33.12 - A neo-traditional punk style stickman illustration inspired by old Japanese woodblock prints, featuring Aligax, a cybernetic female warrior of the BZH.webp","5DB357EF1108487B208B3C7E32DC1B06432897506EABF78A6A698B1298AEC994","assets/characters/aligax/aligax_neotrad_woodblock_v01.webp","561066"
"imports/2026-07-06-desktop-bzh/BZH_CHRONICLES/ART/DALL·E 2025-04-04 05.33.23 - A neo-traditional black line art style stickman illustration of Aligax, the cybernetic warrior of the BZH Power group, in the team's HQ. Aligax stands.webp","AC6B98FD56EE17166B7A29F18F7E0F79EA236ACA6A268E97ACC2CBA13B769E3E","assets/characters/aligax/aligax_neotrad_hq_v01.webp","547546"
"imports/2026-07-06-desktop-bzh/BZH_CHRONICLES/ART/DALL·E 2025-04-04 05.33.28 - A neo-traditional black line art style stickman illustration of MutenRock, the strategist of the BZH Power group, in the team's HQ. MutenRock is surro.webp","D9C191B4C9C6BC02874B9C2179C3FB2C7338E68D842B7BD58E47833CFA97F239","assets/characters/mutenrock/mutenrock_neotrad_hq_v01.webp","557622"
"imports/2026-07-06-desktop-bzh/BZH_CHRONICLES/ART/DALL·E 2025-04-04 05.34.02 - A stickman-style illustration representing Aligax, a warrior in a cyberpunk fantasy world, standing tall with a glowing artifact bound to their chest,.webp","DE6327CA68ED05E39F9CB03E3E7103E09C77D6151222C5B03A05012F9CFB89FE","assets/characters/aligax/aligax_stickman_artifact_v01.webp","249528"
"imports/2026-07-06-desktop-bzh/BZH_CHRONICLES/ART/DALL·E 2025-04-04 05.34.08 - An ink drawing on aged parchment depicting Sniky, a stickman-style stealth assassin, crouched with dual blades, surrounded by shadows. The art feature.webp","5D8292E6F3FA43AD6A603F3AB52582718F7E34B32FAC8A611B33917AA268939E","assets/characters/sniky/sniky_ink_parchment_v01.webp","522080"
"imports/2026-07-06-desktop-bzh/BZH_CHRONICLES/ART/DALL·E 2025-04-04 12.20.34 - A cyberpunk space scene with a futuristic spaceship navigating through a vast galaxy. The image features faint echoes of a city skyline in the backgro.webp","A77EBA79B830B9777C7C3F98A028DF2F20E26D2B2AC63BF2BA3C2B927DD12757","media/visual/wallpapers/bzhchronicles_cyber-space_city_v01.webp","566728"
"imports/2026-07-06-desktop-bzh/BZH_CHRONICLES/ART/DALL·E 2025-04-04 12.20.37 - A cyberpunk space scene with characters floating inside a futuristic spaceship, illuminated by neon lights and twinkling stars. Aligax, MutenRock, and.webp","060A1EC26A167FE5D4591561C3A6E9830D3CABCA6683B89453FC4EBDD82DECD0","media/visual/wallpapers/bzhchronicles_team_spaceship_v01.webp","531910"
"imports/2026-07-06-desktop-bzh/BZH_CHRONICLES/ART/Thumbs.db","D49345B0237DA7F30FAB17464B15231FA06D038BC1D6819B33A4866CDB7DA1D8","archives/import-metadata/2026-07-06/imports/ART/Thumbs.db","16384"
"imports/2026-07-06-desktop-bzh/BZH_CHRONICLES/bzh_games/20250505_0251_Retro City Hero_simple_compose_01jteytaabe0j8179z6m6pe7yz.gif","A70F95F7845616B174636953185E8056A045F3C7899251DE83B7B82A9E0BCBD7","media/visual/covers/bzhchronicles_retro-city-hero_icon_v01.gif","14506051"
"imports/2026-07-06-desktop-bzh/BZH_CHRONICLES/bzh_games/bzh_chronicles_64_full.png","D4D4B2F6F3FEC7F7C4CBB49DC771E6932FF6183D99B467C25E0F3D558C8E98B7","media/visual/covers/bzhchronicles64_case-mockup_v01.png","1797004"
"imports/2026-07-06-desktop-bzh/BZH_CHRONICLES/bzh_games/bzh_chronicles_64.png","CF863CA0F7C1F09F9B59B566689D50394FDEBDA36584765DC891498E60920D02","media/visual/covers/bzhchronicles64_cover_v01.png","3617135"
"imports/2026-07-06-desktop-bzh/BZH_CHRONICLES/bzh_games/bzh_chronicles_play_full.png","FECA4A85DE775D91F420961085A596431979D4B31B8F0D8C767925B3AD088802","media/visual/covers/bzhchronicles64_playstation-mockup_v01.png","2608136"
"imports/2026-07-06-desktop-bzh/BZH_CHRONICLES/bzh_games/bzh_journey_full.png","36C793CD22495D38DD3CB4E5CDEA23B50B3CF4680440306615A46D71734F5782","media/visual/covers/bzhjourney_vr-mockup_v01.png","1745970"
"imports/2026-07-06-desktop-bzh/BZH_CHRONICLES/bzh_games/bzh_journey.png","7B01694B9661E67729F6C0CC32367F0AB8EDD0EA4E4642E8D6E46C9ECC9D0DDE","media/visual/covers/bzhjourney_cover_v01.png","3257285"
"imports/2026-07-06-desktop-bzh/BZH_CHRONICLES/bzh_games/bzh_shadows_alternate (1).png","3291CE2C702D5225098E1508C505F1A73ABF5AE8498C80DF0F6AB5126A1C239E","media/visual/covers/bzhshadows_boxart_v01.png","1721027"
"imports/2026-07-06-desktop-bzh/BZH_CHRONICLES/bzh_games/bzh_shadows_alternate (2).png","633C59BE18B21DFACF35449333D686512C174473D4F49F20F25D7D17A3D7B047","media/visual/covers/bzhshadows_poster_v01.png","2421049"
"imports/2026-07-06-desktop-bzh/BZH_CHRONICLES/bzh_games/bzh_shadows_full.png","56C704DDD459BA3ED72739CEE4761EAC06555860B8F5EEE941B87176D0E0FC7E","media/visual/covers/bzhshadows_pc-mockup_v01.png","1617983"
"imports/2026-07-06-desktop-bzh/BZH_CHRONICLES/bzh_games/bzh_shadows.png","B549AD307DC672B42211ACE1E43CEBB7EE65A51752FB62D4EEACFA6C3AAC1C39","media/visual/covers/bzhshadows_cover_v01.png","3175787"
"imports/2026-07-06-desktop-bzh/BZH_CHRONICLES/bzh_games/ChatGPT Image 7 avr. 2025, 03_07_12.png","D4D4B2F6F3FEC7F7C4CBB49DC771E6932FF6183D99B467C25E0F3D558C8E98B7","media/visual/covers/bzhchronicles64_case-mockup_v01.png","1797004"
"imports/2026-07-06-desktop-bzh/BZH_CHRONICLES/bzh_games/ChatGPT Image 7 avr. 2025, 22_44_57.png","B549AD307DC672B42211ACE1E43CEBB7EE65A51752FB62D4EEACFA6C3AAC1C39","media/visual/covers/bzhshadows_cover_v01.png","3175787"
"imports/2026-07-06-desktop-bzh/BZH_CHRONICLES/bzh_games/ChatGPT Image 7 avr. 2025, 22_51_13.png","3291CE2C702D5225098E1508C505F1A73ABF5AE8498C80DF0F6AB5126A1C239E","media/visual/covers/bzhshadows_boxart_v01.png","1721027"
"imports/2026-07-06-desktop-bzh/BZH_CHRONICLES/bzh_games/FLUX-2025-04-07-00_28_08.jpg","B715A6C4182DD01F00D8C9140A24C8DD7D0C0A53ADDAD27DDC72385EEDEB4126","media/visual/covers/bzhchronicles_new-hero_landscape_v01.jpg","477107"
"imports/2026-07-06-desktop-bzh/BZH_CHRONICLES/bzh_games/FLUX-2025-04-07-00_46_09.jpg","160C6A339DCF2B2FD6BB009F2375E1FB7D2A26AFEBE412624AF47EC80DB87955","media/visual/covers/bzhchronicles_new-hero_pixel-art_v01.jpg","178435"
"imports/2026-07-06-desktop-bzh/BZH_CHRONICLES/bzh_games/FLUX-2025-04-15-00_26_36.jpg","D6AC47728324D7CB29840853753286CFAA331CD0ADB5C8E6D1930920D0BD12CE","media/visual/covers/bzhchronicles_retro-box_backcover_v01.jpg","787050"
"imports/2026-07-06-desktop-bzh/BZH_CHRONICLES/bzh_games/sniky&titan_full.png","4932160FB582131527F180466F3CD14B0CD51D29A41E2D70C9DFC7DAFD349174","media/visual/covers/sniky-titan_ds-mockup_v01.png","3236577"
"imports/2026-07-06-desktop-bzh/BZH_CHRONICLES/bzh_games/Thumbs.db","AC4A7B9757D5D81B586C5B3A856C5A57FEB2B3CBC59E3DBF363AAF00CA6F78B6","archives/import-metadata/2026-07-06/imports/bzh_games/Thumbs.db","43520"
"imports/2026-07-06-desktop-bzh/BZH_CHRONICLES/bzh_lol_chronicles/DALL·E 2025-04-04 12.17.48 - A close-up portrait illustration of Sniky depicted as a male version of Vayne from League of Legends. He stands in a powerful pose, with his crossbow .webp","1130457288A137CBC984FA0EC8862479C6D5025115189ED1BFA85F87B931E88A","media/visual/references/sniky_lol-vayne_portrait_reference_v01.webp","376714"
"imports/2026-07-06-desktop-bzh/BZH_CHRONICLES/bzh_lol_chronicles/DALL·E 2025-04-04 12.17.53 - A close-up portrait illustration of MutenRock depicted as a male version of Zyra from League of Legends. He stands in a powerful pose, surrounded by a.webp","9BD7627F45EFBCB6369E7D4C7973DEEAADA0703984F3BFB23134CDD03E3805CC","media/visual/references/mutenrock_lol-zyra_portrait_reference_v01.webp","542464"
"imports/2026-07-06-desktop-bzh/BZH_CHRONICLES/bzh_lol_chronicles/DALL·E 2025-04-04 12.17.56 - A close-up portrait illustration of Aligax depicted as Morgana from League of Legends. She stands in a powerful pose, holding her artifact with dark m.webp","EAD258CFFD69CE3AA0C024022FB4C5CE46FFFB6D2FF1FC13EEEF87D19EF023E3","media/visual/references/aligax_lol-morgana_portrait_reference_v01.webp","442992"
"imports/2026-07-06-desktop-bzh/BZH_CHRONICLES/ChatGPT Image 23 mai 2025, 09_16_34.png","7A59E14A1E9A5CF798B7ED31F42DA9FA2D0ECBF874F2CEDDCB65A495C941E6DB","assets/cards/bzh01/bzhcard_bzh01_pack-layout_v01.png","2947468"
"imports/2026-07-06-desktop-bzh/BZH_CHRONICLES/emote/ChatGPT Image 9 avr. 2025, 12_09_37.png","6C77E7736DA9B1851F86B5A6A4C88B578CEDEDCEC4348241AC7E2DEB147F8364","media/visual/social/emotes/king-of-bicycles_emote_v01.png","3119324"
"imports/2026-07-06-desktop-bzh/BZH_CHRONICLES/emote/player.png","BE19ECF41EE451E03170448F033A37409539AED975D8DA6FF7D8C50C59552F62","media/visual/social/emotes/player_avatar_v01.png","2830697"
"imports/2026-07-06-desktop-bzh/BZH_CHRONICLES/Équipage et vaisseau spatial lumineux.png","DFAD5371A1E12B8A5A1E5629741478D4DB28EF9D421E75745F02BD1FF672E8F2","assets/cards/bzh02/cards/BZH02_LU002.png","2686137"
"imports/2026-07-06-desktop-bzh/BZH_CHRONICLES/montage/image (1).png","FBF39C25F800B1B099B776C665F40F76CAC8C63B4DCB1191DC13D6DD12525BB0","media/visual/references/apex-legends_group-poster_reference_v01.png","23362277"
"imports/2026-07-06-desktop-bzh/BZH_CHRONICLES/montage/image.png","BB6CB480D64B5B27CBE5B6B252DEBE8529CC76919D60AD50ACF456D3AA79ABA4","media/visual/references/fallout-style_poster_reference_v01.png","3603038"
"imports/2026-07-06-desktop-bzh/BZH_CHRONICLES/old_card/Breach in the Core.png","67824E69465C0A9632EFAA6941EF33D4C13B693290754960D6A6FA2CBCC92C9A","assets/cards/bzh01/cards/BZH01_RE002.png","577987"
"imports/2026-07-06-desktop-bzh/BZH_CHRONICLES/old_card/BZH Bond.png","1476C7025B7BA071A03E350251A936F9C8345350DE1AD506D49358638030652E","assets/cards/bzh01/cards/BZH01_CS001.png","525444"
"imports/2026-07-06-desktop-bzh/BZH_CHRONICLES/old_card/ChatGPT Image 2 mai 2025, 17_41_29.png","9C680143480C35FF7E597C9A3BB85AB619C2E114B7462B86ED3F6B8489CEE5C2","assets/cards/bzh01/cards/BZH01_RP002.png","3157201"
"imports/2026-07-06-desktop-bzh/BZH_CHRONICLES/old_card/ChatGPT Image 2 mai 2025, 17_41_41.png","A3FE191D94B8DF70AF1141F8A37F74C52961C0A393073F0FCAC954F2D6C68BF0","assets/cards/bzh01/cards/BZH01_LO001.png","2466116"
"imports/2026-07-06-desktop-bzh/BZH_CHRONICLES/old_card/ChatGPT Image 2 mai 2025, 17_44_07.png","2D385313D46FB2D3D2EAF655D2421DC6BEE0ABD6C2CFD32934B87EDC7946AC40","assets/cards/bzh01/cards/BZH01_EE001.png","3364741"
"imports/2026-07-06-desktop-bzh/BZH_CHRONICLES/old_card/ChatGPT Image 2 mai 2025, 17_52_54.png","F3FFCC634680BFF0685900FB88D759F216F1842BD445A40A7060CD3EC1DDA86E","assets/cards/bzh01/cards/BZH01_CP001.png","2873771"
"imports/2026-07-06-desktop-bzh/BZH_CHRONICLES/old_card/ChatGPT Image 2 mai 2025, 17_56_36.png","BA7C68CB1EEFA397E1F74FC9041B56BB7F74B01F5311C70048BC2FD12E419B0B","assets/cards/bzh01/cards/BZH01_CP002.png","2726526"
"imports/2026-07-06-desktop-bzh/BZH_CHRONICLES/old_card/Code Anomaly.png","89E2DD48321E421CAC825E2C30D855BDF83F6A6E1F4D622B14C83552ECBF51EF","assets/cards/bzh01/cards/BZH01_CS002.png","515421"
"imports/2026-07-06-desktop-bzh/BZH_CHRONICLES/old_card/Cyber Bow.png","5AD13816C4D550A34CC509E485D996D669A256DC26426929F224CDB30570ADAC","assets/cards/bzh01/cards/BZH01_CO005.png","557840"
"imports/2026-07-06-desktop-bzh/BZH_CHRONICLES/old_card/Data Surge.png","31FE380B15D265CED4A662165022B1EB77DA4519981A80437625D967C237A093","assets/cards/bzh01/cards/BZH01_CE001.png","629048"
"imports/2026-07-06-desktop-bzh/BZH_CHRONICLES/old_card/Digital Rebirth.png","4D2A6E9DC4C6C47FA2127A0A91184936B68190F5217E5F4396DB7029D6CF1D55","assets/cards/bzh01/cards/BZH01_RS002.png","609550"
"imports/2026-07-06-desktop-bzh/BZH_CHRONICLES/old_card/Echo of Brittany Originelle.png","7295E188B9976986AEBB6B5A6F7D6933F1C523D02843A25FF46627A32A688AEE","assets/cards/bzh01/cards/BZH01_LC001.png","637104"
"imports/2026-07-06-desktop-bzh/BZH_CHRONICLES/old_card/Echo Tracker.png","28BDDB1E67ACB80A014AD73DC7EB643A24034BD170CD7E43C3FF83471C5C818D","assets/cards/bzh01/cards/BZH01_RO001.png","686181"
"imports/2026-07-06-desktop-bzh/BZH_CHRONICLES/old_card/Energy Flask.png","4946FB5FB229B058D68EEDFC81A8A4F97901094F5D7CEBF25660B6BCAB0F499D","assets/cards/bzh01/cards/BZH01_CO007.png","698808"
"imports/2026-07-06-desktop-bzh/BZH_CHRONICLES/old_card/Feather _ Drone Companion.png","5E634B18F504145A60D7D392EAFA042CB1E454CC43ED37A019E78149BDBE2A6A","assets/cards/bzh01/cards/BZH01_CP003.png","526393"
"imports/2026-07-06-desktop-bzh/BZH_CHRONICLES/old_card/First Awakening.png","56AE436C315B9DD11CB3E5F929EC37A9848359F5E879CEAB5071A84D5FF35F07","assets/cards/bzh01/cards/BZH01_EC003.png","652193"
"imports/2026-07-06-desktop-bzh/BZH_CHRONICLES/old_card/Glacier of Code.png","45B973A794FAACEF3DDE31CD8C1AF5BFF2DCE02A03CB99A353D9CB64C8D936DF","assets/cards/bzh01/cards/BZH01_CT006.png","752467"
"imports/2026-07-06-desktop-bzh/BZH_CHRONICLES/old_card/Holo-Cloak.png","A92416052F5BBF8B0577887D999550153F59389EA6C892C1AD293FFEE6BF0F8C","assets/cards/bzh01/cards/BZH01_RO002.png","694001"
"imports/2026-07-06-desktop-bzh/BZH_CHRONICLES/old_card/Midnight Invasion.png","1EB3B35F4F22808651C844C2C4EBC822E7267DE61BD3B3E631816DBDFC42747F","assets/cards/bzh01/cards/BZH01_ME003.png","558448"
"imports/2026-07-06-desktop-bzh/BZH_CHRONICLES/old_card/Mirror Gloves.png","B09C52CB1F541D1684A776FC9C69FE235BBE8B483262823A16C015EF6097621B","assets/cards/bzh01/cards/BZH01_CO003.png","525295"
"imports/2026-07-06-desktop-bzh/BZH_CHRONICLES/old_card/Prime Uprising.png","4E4581779A31F4B594424935377FDFA9F0342412DC0344763EA7F27D27B81BA9","assets/cards/bzh01/cards/BZH01_RS004.png","621916"
"imports/2026-07-06-desktop-bzh/BZH_CHRONICLES/old_card/Protocol Reset.png","F0505AD3E654F0E8E6D76031058EED7BD1D53F8B9CCAE8630050C8655668B5FD","assets/cards/bzh01/cards/BZH01_RS003.png","624356"
"imports/2026-07-06-desktop-bzh/BZH_CHRONICLES/old_card/Rose Blade.png","3447499855B1CA0C598CCDB7AE9333B8816E0B80B7B68518C3020E80981370EA","assets/cards/bzh01/cards/BZH01_CO001.png","505153"
"imports/2026-07-06-desktop-bzh/BZH_CHRONICLES/old_card/Rusted City Ruins.png","B7B3D6353F783835DD96E05B59B1BB3BA592981E36C1F45D49DB1D6551E08748","assets/cards/bzh01/cards/BZH01_CT003.png","697851"
"imports/2026-07-06-desktop-bzh/BZH_CHRONICLES/old_card/Silence of the Dome.png","A69BD7D5EC1B0C88E997F70876ADCEA941C11297187E473CE352BA032A7F0687","assets/cards/bzh01/cards/BZH01_RE001.png","521487"
"imports/2026-07-06-desktop-bzh/BZH_CHRONICLES/old_card/The Cooker.png","1824AB5656A5469E2D717E941AB1FC74AC916CBC852454BDF5F2994DFB257343","assets/cards/bzh01/cards/BZH01_MC004.png","646135"
"imports/2026-07-06-desktop-bzh/BZH_CHRONICLES/old_card/The Cyber Assassin.png","DCF93599804F69A10BEB58977EEA522C45ACD1D81DBAAAA5D0577F07AD0F16BC","assets/cards/bzh01/cards/BZH01_MC003.png","685627"
"imports/2026-07-06-desktop-bzh/BZH_CHRONICLES/old_card/The Forgotten Rune.png","AF6423B86C06388F5B52B7A629B2112D738697E5113D63B524B662A87656143F","assets/cards/bzh01/cards/BZH01_RS001.png","532325"
"imports/2026-07-06-desktop-bzh/BZH_CHRONICLES/old_card/The Iron Maiden.png","8093E517FE0F792C2AAF98CA7EEBA7515AC717C6803D6B45B081D2753AF31817","assets/cards/bzh01/cards/BZH01_MC001.png","692107"
"imports/2026-07-06-desktop-bzh/BZH_CHRONICLES/old_card/The Lost Temple.png","6782FD8855ECEC3155A0829603610BE69920D26055EAB9006307002F8FD8D5D4","assets/cards/bzh01/cards/BZH01_CT001.png","604826"
"imports/2026-07-06-desktop-bzh/BZH_CHRONICLES/old_card/The Mask of Sorn.png","7CCFD14BCB82C0D27ACAC86EAA90712DECC678E30BF6DDAF7E59B3C842BDAC6B","assets/cards/bzh01/cards/BZH01_EC001.png","666429"
"imports/2026-07-06-desktop-bzh/BZH_CHRONICLES/old_card/The Naturalist.png","98BD97638BC7A87D7BC9B374EB1FF093BC3CF747D56EAEA1089BBB15CB854DF9","assets/cards/bzh01/cards/BZH01_MC006.png","596381"
"imports/2026-07-06-desktop-bzh/BZH_CHRONICLES/old_card/The Nature Owner.png","5164A583B865963C0AA7906686778F5802167B0AC752181D73884BD9F0D3C681","assets/cards/bzh01/cards/BZH01_MC002.png","710391"
"imports/2026-07-06-desktop-bzh/BZH_CHRONICLES/old_card/The Power of Three.png","BCF6D5FDF35968AF12A4A2C66F63388D82072F5B7166ED96EF5C8DE04FFF65A3","assets/cards/bzh01/cards/BZH01_RC004.png","566790"
"imports/2026-07-06-desktop-bzh/BZH_CHRONICLES/old_card/The Story Doctor.png","535DB50C888368D9AF984BB31FE506A58E4A50DFD7FE05A749E38951CB278C3D","assets/cards/bzh01/cards/BZH01_MC005.png","608141"
"imports/2026-07-06-desktop-bzh/BZH_CHRONICLES/old_card/Thorn Gauntlet.png","BF5F289DE49EFB8A47549BA0F7045C5C7E76F4E34E2739C08152964EC4C872D9","assets/cards/bzh01/cards/BZH01_CO004.png","654346"
"imports/2026-07-06-desktop-bzh/BZH_CHRONICLES/old_card/Wyrm of Plélan _ Semi-Digital Dragon.png","4996BFE05143A9834B496B46CB5C1FF8639BF59A59D8C929E65B98DA3C6B1708","assets/cards/bzh01/cards/BZH01_CO002.png","538521"
"imports/2026-07-06-desktop-bzh/BZH_CHRONICLES/tenture/DALL·E 2025-04-04 05.30.35 - A 16_9 illustration of a tapestry featuring the BZH Power group. The tapestry should display the members MutenRock, Sniky, Aligax, Spirit, and Dr. Sor.webp","7DECCFFF2F8B44B9829E6E5EBCAB5DB3D68E0AD95EA1671FC12324FB258B96E9","media/visual/merch/tapestries/bzhpower_tapestry_group_v01.webp","926514"
"imports/2026-07-06-desktop-bzh/BZH_CHRONICLES/tenture/DALL·E 2025-04-04 05.30.37 - A 16_9 illustration of a tapestry featuring the BZH Power group. The tapestry should display the members MutenRock, Sniky, Aligax, Spirit, and Dr. Sor.webp","7C2C0A7C64DC158D8183F13BE9D97884B7024442ACB6357EA7B9BACCEA24CC1F","media/visual/merch/tapestries/bzhpower_tapestry_group_v02.webp","835016"
"imports/2026-07-06-desktop-bzh/BZH_CHRONICLES/tenture/DALL·E 2025-04-04 05.30.40 - A 16_9 illustration of a tapestry featuring the BZH Power group. The tapestry should display the members MutenRock, Sniky, Aligax, Spirit, and Dr. Sor.webp","071FEE5552CC44B0F1CBBF6E1089CD6AB1547FCA74CCE882B67D8089583A04C6","media/visual/merch/tapestries/bzhpower_tapestry_group_v03.webp","894020"
"imports/2026-07-06-desktop-bzh/BZH_CHRONICLES/tenture/DALL·E 2025-04-04 05.30.46 - A trippy cyberpunk tapestry-style illustration featuring the BZH Power group members_ MutenRock, Sniky, Aligax, Spirit, and Dr. Sorn. The background i.webp","E6A8F4BE02E7AADB2D90F0A17D2E40D4CD42458244564BED7EDC5E09C35357AC","media/visual/merch/tapestries/bzhpower_tapestry_group_v04.webp","904136"
"imports/2026-07-06-desktop-bzh/BZH_CHRONICLES/tenture/DALL·E 2025-04-04 05.30.48 - A trippy cyberpunk tapestry-style illustration. The background includes digital and virtual elements with vibrant neon colors, reflecting a grand and .webp","D039E5AB91E35D129BB38806EF1AB02CCD7CFCB73072EB82BE87FB30F3516893","media/visual/merch/tapestries/bzhpower_tapestry_group_v05.webp","1114682"
"imports/2026-07-06-desktop-bzh/BZH_CHRONICLES/tenture/DALL·E 2025-04-04 05.30.53 - A trippy cyberpunk tapestry-style illustration. The background includes digital and virtual elements with vibrant neon colors, reflecting a grand and .webp","7E9936638E947F3CAE3FD57633B3BDE20100A79400724A90E1687A329ED936F9","media/visual/merch/tapestries/bzhpower_tapestry_group_v06.webp","947144"
"imports/2026-07-06-desktop-bzh/BZH_CHRONICLES/tenture/DALL·E 2025-04-04 05.30.57 - A trippy cyberpunk tapestry-style illustration featuring the BZH Power group members_ MutenRock, Sniky, Aligax, Spirit, and Dr. Sorn. The background i.webp","720FBB39BCE5672D0A16B77360ECEFC2D3EE1461140E0B65AC249B1AF7D54B89","media/visual/merch/tapestries/bzhpower_tapestry_group_v07.webp","838792"
"imports/2026-07-06-desktop-bzh/BZH_CHRONICLES/tenture/DALL·E 2025-04-04 05.30.59 - A trippy cyberpunk tapestry-style illustration featuring the BZH Power group members_ MutenRock, Sniky, Aligax, Spirit, and Dr. Sorn. The background i.webp","E2ADE3C1E58943692FE43970C5E9C9B1BCCAEC073DAF16435C9C751F4DE5DC06","media/visual/merch/tapestries/bzhpower_tapestry_group_v08.webp","945684"
"imports/2026-07-06-desktop-bzh/BZH_CHRONICLES/tenture/DALL·E 2025-04-04 05.31.02 - A trippy cyberpunk tapestry-style illustration. The background includes digital and virtual elements with vibrant neon colors, reflecting a grand and .webp","5C3FBCB298880E84253CB1AB538C1B66E0A56F1C66EF85C548051131E6A7FBF2","media/visual/merch/tapestries/bzhpower_tapestry_group_v09.webp","825110"
"imports/2026-07-06-desktop-bzh/BZH_CHRONICLES/twtich/ChatGPT Image 9 avr. 2025, 11_05_18.png","FC67F753E08B53C723886E20861E375F487710A73E1AF28BA27F8EA0318F04C7","media/visual/social/twitch/bzh_stream_overlay_frame_v01.png","2356203"
"imports/2026-07-06-desktop-bzh/BZH_CHRONICLES/twtich/ChatGPT Image 9 avr. 2025, 11_06_27.png","A9E5ED2ACF4AC957070C5372C18720F95CF2733B78200BA2DCFAF131C4E23273","media/visual/social/twitch/bzh_stream_lets-play_v01.png","2435298"
"imports/2026-07-06-desktop-bzh/BZH_CHRONICLES/twtich/ChatGPT Image 9 avr. 2025, 11_07_42.png","35F48066E68F24205AADAC58509A621582F1B910F1DBCB0CE6490293D5A59158","media/visual/social/twitch/bzh_stream_on-chill_v01.png","2369106"
"imports/2026-07-06-desktop-bzh/BZH_CHRONICLES/WEBTOON/ChatGPT Image 14 mai 2026, 11_47_46.png","0BC63A65D69BC0A20DC8ED7C50E5C6902F78CF639F3954D7EB27B2FF71B2ED71","media/visual/webtoon/king-of-bicycles_poster_v01.png","2598634"
"imports/2026-07-06-desktop-bzh/BZH_CHRONICLES/WEBTOON/ChatGPT Image 14 mai 2026, 13_54_22.png","9DDF0DB59027EF4AB9872628EE68A7A8E3BDA4D4D95E8EDEB66B58BE15C290D3","media/visual/webtoon/king-of-bicycles_poster_v02.png","2463988"
"imports/2026-07-06-desktop-bzh/BZH_CHRONICLES/WEBTOON/ChatGPT Image 15 mai 2026, 15_13_26.png","F732132F3CCF132A8392762C72D3127115B2EFF70C09AD3A4C08B3F1B2805109","media/visual/webtoon/titan-mutenrock_duel_poster_v01.png","2850486"
"imports/2026-07-06-desktop-bzh/BZH_CHRONICLES/WEBTOON/ChatGPT Image 15 mai 2026, 15_17_04.png","150D361DA6442A252D5924FBD786E4CB5DF0ACF6F2B2CAF0DA1C6921135B7591","media/visual/webtoon/titan-mutenrock_duel_banner_v01.png","2653323"
"imports/2026-07-06-desktop-bzh/BZH_CHRONICLES/WEBTOON/ChatGPT Image 2 avr. 2025, 01_24_02.png","C3EFD90D0E5545FB130146689555F81585193EFF3603D03B74684A2FF17DA2E5","assets/characters/mutenrock/mutenrock_webtoon_pet_v01.png","3204441"
"imports/2026-07-06-desktop-bzh/BZH_CHRONICLES/WEBTOON/ChatGPT Image 2 avr. 2025, 01_32_23.png","9AA367CC72384FD62D031AB26EAF0B89494C7C33676395C3335D2943FA0E5215","media/visual/webtoon/titan-yanis_poster_v01.png","2924895"
"imports/2026-07-06-desktop-bzh/BZH_CHRONICLES/WEBTOON/ChatGPT Image 4 avr. 2025, 05_37_26 (1).png","9938FC92EB0B15B06F7DE78F1E3A6637F26D1D7D178B7C79247C7D5C785F9B71","media/visual/webtoon/mutenrock_ha-tom-tom_title_v01.png","1522719"
"imports/2026-07-06-desktop-bzh/BZH_CHRONICLES/WEBTOON/image_2025-04-04_130232838.png","380F57AEF3F2D967AEF58E9F5D03F76CAE476753BF3B6924308B5EAFD9BEEC72","media/visual/webtoon/titan-yanis_poster_v02.png","3282084"
"imports/2026-07-06-desktop-bzh/BZH_CHRONICLES/WEBTOON/MUTENTOM_PRINT_v2.png","C372312BEAAA709FD42D97F2E7BD4018446AB4F4C9D6F544E2BF87AC95FC8D06","media/visual/webtoon/mutentom_print_v02.png","2924624"
"imports/2026-07-06-desktop-bzh/BZH_CHRONICLES/WEBTOON/MUTENTOM_PRINT.png","E17D568D2E00E66AB2EF4725090CAF166AA3EC504D4B68F10C3BDA91CFFC9B48","media/visual/webtoon/mutentom_print_v01.png","2918699"
"imports/2026-07-06-desktop-bzh/BZH_CHRONICLES/WEBTOON/TOM & PIERRE.png","74887EAB65E199D7A701722E95F06C2DC0E5EA5C9474FC03696A44ACCDE874C2","media/visual/webtoon/tom-pierre_print_v01.png","3118162"
